{
  "ai_response": 139,
  "total": 48,
  "cmd": [
    {
      "name": "menu",
      "use": 13,
      "times": "13/02 20:36:51"
    },
    {
      "name": "autoai",
      "use": 5,
      "times": "12/02 20:31:49"
    },
    {
      "name": "brat",
      "use": 2,
      "times": "13/02 20:36:51"
    },
    {
      "name": "set",
      "use": 5,
      "times": "12/02 22:21:21"
    },
    {
      "name": "addprem",
      "use": 2,
      "times": "12/02 20:37:54"
    },
    {
      "name": "offline",
      "use": 1,
      "times": "12/02 20:37:54"
    },
    {
      "name": "update",
      "use": 1,
      "times": "12/02 20:37:54"
    },
    {
      "name": "play",
      "use": 2,
      "times": "12/02 21:51:04"
    },
    {
      "name": "stats",
      "use": 1,
      "times": "12/02 20:37:54"
    },
    {
      "name": "cekapikey",
      "use": 2,
      "times": "12/02 21:51:04"
    },
    {
      "name": "addenergy",
      "use": 1,
      "times": "12/02 21:51:04"
    },
    {
      "name": "tt",
      "use": 1,
      "times": "12/02 21:51:04"
    },
    {
      "name": "tiktok",
      "use": 2,
      "times": "12/02 22:21:21"
    },
    {
      "name": "setdata",
      "use": 5,
      "times": "12/02 22:21:21"
    },
    {
      "name": "tourl",
      "use": 1,
      "times": "12/02 22:21:21"
    },
    {
      "name": "owner",
      "use": 4,
      "times": "13/02 21:16:22"
    }
  ]
}